start	end	text
0	7520	Hi, it's Nick Hawkes, and welcome to the second episode of Talking Matters. Now, some extraordinary
7520	13920	lives are high profile and widely documented, and others less so. Sitting in the latter category
13920	19640	is the incredible life of Jason R. Day. Unable to speak at 10 years of age and still unable
19640	24840	to read or write till he was 18, the odds of him becoming a trailblazing academic were
24840	31280	extremely slim. Yet he is. That he might raise a million pounds for charity 10 years
31280	37720	ahead of his own schedule would also be unpredictable. But such is his amazing life. Humble, engaging
37720	44680	and inspiring, I enjoyed the pleasure of talking to Jason in 2021. And whilst the conversation
44680	52400	happened some time ago, the story is as impactful and inspiring as ever. So please like, share,
52400	57480	review or do whatever positive thing you might care to. If you find this conversation
57480	63320	useful, it all helps. Thank you. Right, enjoy. So Jason, welcome.
63320	65560	Welcome, Nick. How are you? Are you well?
65560	71320	Yeah, I'm all right, man. I'm pretty good, actually. Today was nice, just to give listeners
71320	76040	a bit of context. We're recording this. We're still in the sort of lockdown phase, but we're
76040	80360	sort of just emerging, blinking from it in a way. And we've had a little bit of nice
80360	85000	weather lately. And I'm pretty good because a bit of nice weather has had a big effects
85000	90600	or a big positive effects on me. So I'm, I'm in decent shape, decent shape. How about you,
90600	91600	man?
91600	94320	That's really good to hear, Nick. I mean, you know, what's really interesting is, you
94320	97600	know, when people say like the weather has an impact on my mood. I mean, that's not the
97600	100880	same for me. But we'll say this when you're kind of stepping into the glorious sun, you're
100880	105080	thinking, do you know what, something about that? There's something in that because, yeah,
105080	108560	everyone's mood just completely lifted and walking around, you're seeing people kind
108560	112360	of a bit lighter in spirit, if nothing else. So it's great.
112360	117720	It definitely does make a difference. And in this sort of conversation, I think we'll
117720	123400	in a bit, we'll move into the more historical sort of factors that shape you and the things
123400	127080	that you experienced on your journey. But maybe first, we can just talk about like the
127080	132360	last year. So while we're in this phase of lockdown and talking all about that, what
132360	137240	are the main things that you've learned? Do you think in the last year, what have you
137240	142800	done away, having learned from this crazy period that we've all lived through?
142800	147760	That's great. I mean, to be honest, Nick, I think the thing that I've learned the most
147760	152960	is I never was someone that took things for granted. But I think, you know, friendships,
152960	156680	people, you know, once we come out of this madness completely, I'm definitely going to
156680	162240	cherish it even more than I already did. And I think that's a huge thing. I think preservation
162240	167800	of of self and other people, I think is really important. Recognizing that we're all in a
167800	171200	really fortunate situation in some way, shape or form, I don't think we'll ever get this
171200	175520	period of time again. So I think while it has been really difficult, I also think it's
175520	181320	been massively advantageous in terms of allowing people to reconnect with family in a way that
181320	186040	they may not have been able to before, because we're all on that hamster wheel of work. So
186040	190280	I mean, for me, I think it's always been important to draw out the positives from it. I think
190280	196600	there are some negatives clearly. But I think the positives are, you know, I've been able to
196600	200800	integrate and engage with family in a way that and friends actually, you know, in a way that
200800	206160	is quite novel. And it just it kind of is another string to all of our bows in terms
206160	210920	of how we maintain relationships with people. And I think, actually, there's been something
210920	214880	quite beautiful about this year, just life slowing down a little bit. Yes, it's been
214880	220000	difficult with school teacher, you know, at home teaching and all these things. But
220000	225240	actually just seeing London at a standstill, well seeing the world at a standstill, but
225240	229000	being London, seeing London at a standstill in the day and at night, because you only
229000	233040	get that perspective at night very often, but to see it in the day, it's quite something.
233040	238280	So I actually think it's been good. We've seen things that we literally thought that
238280	246880	we never could or would see. We thought it was impossible for international flights to
246880	253680	sort of slow down, to traffic to slow down, and all the rest of it. It's been weird. I
253680	259600	mean, one thing I've felt is it one thing it's taught me is that I'm always going to
259600	264920	have fairly big to do this because I kind of for many years thought if I have like the
264920	268680	time if there's a bit, you know, if I'm not running around, blah, blah, blah, get through
268680	274480	the to do list and it'll be like, but even through this whole year, I've still had quite
274480	277960	a lot of things on the to do list. And now I've come to the realization I think I'm going
277960	284040	to get carried out by the handles one year, one day in the future, hopefully many decades
284040	288360	to come and I'll hopefully die with quite a big to do list still. But I'm all right
288360	293080	with that now, because that just means like I'm involved in doing stuff, which is good.
293080	298680	I've got into it was bad before, but you know, 10 things on the to do list, I'll do
298680	305000	to tick them off and then give myself a treat for doing nothing. So yeah, you just make
305000	308200	the to do lists realistic. That's one thing I've learned from this period.
308200	313000	Yeah, so I think we've all learned from the last year. And then you've had this incredible
313000	319640	journey, it seems where I presume you must have been consistently learning as various
319640	323960	sort of things happen. I wonder if we could kind of scroll back a bit. It sounds like your
323960	329720	earliest years were pretty challenging in the sense that my understanding is that you couldn't
329720	337960	speak till you were 11. So for the first sort of phase of this discussion, can you just tell me
337960	344280	why was that and what was going on there? Yeah, of course. So I suppose it's it's kind of been a
344280	349560	really crazy, full stop. But it's the embryonic stages of this craziness kind of really
349560	355960	stem from when I was three, I was diagnosed with autism. So I had a hybrid of autism, which was
355960	361240	Asperger's syndrome, and global development delay. So obviously, there are kind of particular traits
361240	366200	that people associate with Asperger's, which kind of are not really atypical, I think different
366200	371160	autistic people experience these traits in different ways. But I guess with global development
371160	376600	delay, that's more solidified in terms of, you know, it's basically a delay of particular milestones
377320	383960	and motor skills at particular ages and cognitive skills. So I signed and had speech therapy until
383960	390920	I was 11. So, you know, the way I would converse was through sign language, and had speech therapy
390920	397240	from the age of three to 12. But I said my first word when I was 11. So I wasn't a selective mute.
398280	403000	I just literally, you know, I couldn't speak and we're a global development delay, but with a delay.
403080	408280	Yeah, there's a delay when you do things. So whereas, you know, an age for formulating words
408280	416520	may normatively be, you know, one and a half to two years old, I didn't get that experience until I
416520	425400	was until I was 11. And so my first word was hello, at 11. And wow, so this began. So what kind of
425720	431800	schooling were you? What was your education up until age 11?
431800	438360	Yeah, so I went to a special needs school, right? Up until I was until the year three or four.
439560	445640	And then went to a mainstream school. So then in South London, and that was kind of a strange
445640	450120	existence. Because obviously, you know, I was conversing with people by myself wasn't able to
450120	455000	verbalize. So people are conversing with me, sorry, but I wasn't able to verbalize or talk. So
455000	459880	that was a different experience. And actually, to be honest, you know, I always say this,
459880	464040	there's something pretty beautiful about being able to see the world in a different way and not
464040	468440	being able to converse with people, because in that situation, or at least the positive spin that
468440	473000	was kind of always, you know, purported to me was that you're listening, you're learning, you're
473000	478360	using other skills and other ways of communication to engage with people. So, you know, I don't know
478360	482920	if that was all by default or designed. But I mean, it worked out pretty well in the end.
482920	489160	Well, clearly, clearly, it's worked out well in the end. And you're now an Associate Professor and
489160	494520	your Deputy Executive Dean at Durham University. So this is, it's incredible the way that it has
494520	501240	worked out. But at the time, I mean, I'm assuming in your, let's say your early teens, it must have
501240	507320	been very difficult, mustn't it? Yeah, I think that's when you kind of, you know, as my dad
507320	512200	always says, people always mock what they don't understand. And you kind of you meet people and
512200	517880	bearing in mind up until the age of 11, you know, I wasn't, you know, my mum was a huge
517880	523560	influence on my life. And I was just told I wasn't made to feel any different. So when you go into,
524360	527560	you know, your kind of adolescence and your teenage years, and you're told you're different,
528120	532840	you know, you start thinking about why am I different from everyone else? Why does my brain
532840	537400	work in a different way to everybody else? And also, because people tell you, you know, so teachers
537400	541880	tell you more, the difference is when I was being told as a, as a up until 11 year old, I didn't
541880	546040	always understand what people were saying. But as you become a bit more cognitive, and you're
546040	550920	beginning to develop slightly more and more, you actually understand what people are saying to you
550920	556360	and you realize pretty quickly, they're not nice things. Would you say you were you were bullied
556360	563080	in that, you know, that kind of age zone? Yeah, I mean, for someone to bully someone,
563800	569080	not all the time, but I guess in my case, that they would, you know, they would have to be a
569080	575320	sense that I felt like I was being bullied. I mean, I had such a strong sense of self at 14,
576120	583560	13, I don't think I took that on, I just recognize that to be other people's problem. And, and I was
583560	588600	and I was okay with the way I was. And, you know, the one thing that I really hold on to is that I
588600	592760	don't, you know, I think a lot of people go through life and they really care what other people think.
592760	597160	But when I was 14, which is the age when you probably would care what people think I never
597240	602840	did. And so it kind of really set me up well for later adulthood and where I am now. And it's
602840	606360	something that I try and I think it's different. I think there's a lot of things that have changed
606360	611320	from when I was 40 and 35. Now, I mean, there are a lot of things, but I think that sense of self
611320	616200	was different because I was into different things as well. Like, so, you know, I was obsessed with
616200	621400	like, mud culture, I'm talking to these mud culture, like clothing. Yeah. And, you know, my favorite
621400	626680	band was Oasis. And if you're a black kid from South London, you know, those things are kind
626680	632600	of not au fait and not in fashion. So, you know, so it didn't, you know, it was one of those things
632600	635800	where those are the things I was into, you know, I loved, obviously I loved football,
636760	641480	played snooker and football to a really high level. Yeah. But for me, it was, you know,
641480	646680	the most important thing was being true to myself. And so I didn't really, you know,
647480	651560	I didn't give the petrol or the right of field needed for those flames to come up in terms of
651560	658120	what people would say to me because it really was of no interest. It's interesting that you talk
658120	666440	about music and kind of developing a sense of comfort with being a bit different because we
666440	672840	had a conversation with Groove Rider very recently for Trailblazers, the other podcast that I do,
673800	680520	which you're aware of. And Groove was explaining basically that he was a punk and he was saying,
680520	685400	yeah, you know what I mean? Like being a black guy and, you know, where I grew up, it just wasn't
685400	691480	really the dumb thing to be into punk music, you know, but he said, I just kind of, you know,
691480	696120	I just was okay with it. It's just like, this is what I'm into. This is what I buzz off. And so,
696680	701720	hey, almost like this is me and everybody else just, you know, you kind of need to deal with
701720	706040	it a little bit, something like that. Maybe it was a bit of something similar, perhaps going on with
706040	710040	you there. Yeah. I mean, it wasn't even something that, you know, when people say like you grow into
710120	716760	a pair of trousers or a pair of shoes or you lean into it, it's just what I was like. I liked rock
716760	722920	and roll music a lot, not a little bit, a lot. And for whatever reason, you know, when I heard the
722920	729320	opening tenets to, you know, rock and roll star, yeah, it's an alcohol, something just ignited
729320	734840	something in me. It was that idea that you could have like these, you know, five working class
734840	740360	men, cunean guys that basically were like, we're going to take on the world and win, you know, and
740360	744920	I don't know, there was something about, you know, them that you look at and you think, well, if they
744920	749800	can do that, why can't I take on the world and win? Admittedly, at that point, I had no idea what that
749800	754360	might look like. Yeah. But the important thing was having the psyche that you could probably
754360	760600	entertain that as an idea. And that in itself, when you're 15, 14, 15, that's quite powerful,
760600	764680	because at that point, you know, the only person, the person that I had to kind of really
765320	769880	embed that was my mum and she was she was fantastic at that. And she, you know, my brothers are very
769880	774200	different to me and they got very different interests. But yeah, it was what I liked. And,
774200	780200	you know, even as a 35 year old now, I don't have any vices, I don't drink, smoke or do drugs.
780200	783480	Right. Well, I do waste a lot of money on tailoring.
785320	790200	Everybody's got a vice man, you just go, you just go seek it out. Yeah, this is a nice
791080	795640	shirt is presumably one of yours. Nick, it's more than a nice shirt. I'm not joking. Like,
796680	801880	when I was 14, my dad bought these two posters and a massive posters and one was of Oswald
801880	806440	Boating and one was of Paul Weller. Yeah. And I kind of said to him, who are they? Who are they?
806440	811000	And he was like, well, that's Oswald Boating. And that's like the first one of the first or one of
811000	815000	the only black people to have a shop on several row. Yeah. This one's Paul Weller. He's part of
815000	821320	a band called like the Jam or Star Counts or something. Yeah. So I said, I'd love to dress
821320	824280	like that. And he said, Well, you're gonna need a really good job. And a lot of money stress that
824280	830280	out because one's a tailor and one only is clothed in tailoring. Yeah. So from that day onwards, I was
830280	834440	like, I'm gonna look like that when I'm older. Okay. And that's where and that's kind of where
834440	839320	all the obsession with it all started with the kind of tailoring the shoes and all that. It was
839320	842920	really funny, because I do a lot of sport, but I only own like probably one pair of trainers,
843000	848200	but I've got probably 70 pairs of shoes. Interesting. Really interesting, man. Yeah.
848200	856360	So it sounded like you were developing your own kind of set of aspirations and quite unique.
856360	862680	My understanding is that you, again, with the form of autism that you had, that meant that you
862680	868280	only learned to read and write at the age of 18. Am I right? I did. Yeah, I did. So I did learn to
868280	872840	read and write, do learn to read and write at the age of 18. And that in itself, I mean,
873480	876360	it's an interesting thing, because I don't think anyone saw that coming.
876360	881080	Oh, no, that is interesting. So you think that people were surprised that you actually developed
881080	884360	those skills people thought that you maybe you will never learn to read and write.
884360	888600	Yeah. And also, I guess the thing that should caveat all of this is that I don't know if you've
888600	894120	seen a program called seven up. Hmm. But it followed you at seven, five, yeah. And so basically,
894120	899480	I had a study done on me from the age of three to what would end up being 25. And so
899480	904280	it's educational psychologists and a team of psychologists that would work that worked with me
904280	909160	and my mom and my dad to kind of really, I guess, in many respects, they kind of adopted this
909160	914680	mystic Meg persona where they predict where you would be. And so that whole thing was at 18,
914680	922280	you know, Jason can, you know, get a job working two or three hours a week where he can get work
922280	927480	experience, you know, and maybe when he's 25 to 30, he can live in shared accommodation with other
927480	932760	people with kind of special educational leads on learning disabilities, that would be an achievement.
932760	939480	And my mom was kind of like, no way, no way that's had no way. And, and then I don't know it, you
939480	945240	know, it took time to obviously learn to read and write. And in many respects, you know, the infancy,
945240	949560	you know, there was a very infinite component about it, you're reading books that are for
949560	954520	three and four year olds at 18 and trying to learn. So there's a whole load of learning that
954520	960040	I've missed out on. So even now, there's times when I asked my kind of 14 year old daughter,
960040	966280	you know, what's a verb or what's an adjective, which she finds incredible. She's like, you know,
966840	970360	you write books for a living. Like, why do you write books for a living? But you don't,
971160	976200	you know, you write policy documents for parliament. You don't know what those things are,
976200	982680	which is which is the truth. So I wouldn't, you know, you make allowances or you can or you kind
982680	987000	of, it's part you skip, you're not part, you don't skip them deliberately, but you make up
987000	994440	what you don't know. And I mean, not literally, as in, you know, yeah, you find a way you find a way
994440	999720	of dealing with the situation, I guess, right? Yeah. And it's not unique to me. I think we all
999720	1004600	have ways of finding mechanisms and coping mechanisms to deal with stuff. So it's not unique
1004600	1010680	to me. It's just that I guess, you know, I tried to utilize what I, you know, I knew I didn't have
1010680	1016040	a lot of strengths. But I thought the ones I did that try and refine them and make them as good as
1016040	1020520	possible. And that coincided with meeting my tutor at college called Sandro, who was like,
1021160	1026600	he was instrumental, like he basically was I'm going to turn you into a winner. That in fact,
1026600	1030440	that is the words he said to me, I'm going to turn you into a winner. When did this person say that
1031320	1038120	when I was 18? Yeah, so, you know, we my mom had tried to we went to a place called Connections,
1038120	1045560	which was in Clapham Junction at the time. So this is this is around 2002. And we went in there. And
1045560	1050440	part of Connections, they've all closed now. But part of their remit was, you know, they did the
1050440	1055800	careers they provide, they provide you or find or give you career options. And so they said,
1055800	1060920	Jason skill set, and obviously all the things you've outlined, I think the best option Jason
1060920	1065320	will have, I think is if he can, you know, if he works in a supermarket a few hours a week.
1065320	1069560	And my mom had heard this for like, you know, four or five years. So by this point,
1069560	1073640	there's a monotony to this. And you have a bunch of more and more tempered about it.
1074200	1078840	But she was like, Jason, get your bag, let's go. And stormed out, stormed out. And I was still
1078840	1083720	behind. She, you know, did this really dramatic entrance through the door. And I was kind of
1083720	1088280	languishing behind her. And I remember grabbing me with like, kind of both hands, she's like, Jason,
1088280	1092600	you have to find it from somewhere to make something of your life. Otherwise, this is what
1092600	1095560	people are going to they're going to predict. This is what people are going to predict for you.
1095560	1099800	There's no hope of what you're going to do. You've got, you know, it's only so far I can take you,
1099800	1105960	Jason. And so we went to Merton College, which is based in Morden. And my mom found this course,
1105960	1110920	and she was like, right, it's a sport diploma course, you're doing it. And I was like, I,
1110920	1114120	you know, there's no way I can I'm out of my depth. I'm not going to be able to do this.
1114120	1117800	Also, I want to practice. So, you know, I've got snooker tournaments, primes coming up, I want to
1118600	1123240	practice at that. No, no, no, you're not spending 10 hours in a snooker hall. You're good, Jason.
1123240	1126680	But I don't know if you're going to be a professional. And if that fall, if that goes
1126680	1129480	tee up, then I'd love you have something to fall back on.
1130440	1136200	Let's just quickly before we move on from that, though, you you were successful, though. This is
1136200	1141240	the interesting thing at the age of 18 when when people were saying this guy is not going to
1141240	1148280	amount to anything, both in snooker and in football, correct me if I'm wrong, you had managed to make
1148280	1154600	an impact and and achieve quite a good level already. Is that right? I had. Yeah. So I was at
1154600	1159400	I was at a professional club at time and then 18 went into some professional games. So I ended up
1159400	1164520	kind of I wasn't going to go. Sorry, I've got a button. Which team were you? Which protein were
1164520	1169320	you involved with? Crystal Palace. Crystal Palace. OK, yeah. All right. So at the time,
1170120	1173640	and it was really funny because obviously one thing they don't tell you about these situations,
1173640	1177800	there are a lot of streams in terms of like in youth football, a lot of streams and
1177800	1184200	actually out of most youth setups, very few people kind of go up. So I was only at Crystal
1184200	1189720	Palace for a handful of years. But I was never going to I was never going to really progress
1189720	1194280	on to, you know, big things because one, there were a lot of physical attributes I didn't have.
1195000	1199320	And two, it's all about actually what's between the years. And I just didn't I didn't have it to be
1199320	1203560	I wasn't good enough to be a professional footballer. OK, but but I could apply that
1203560	1207880	attitude playing kind of non league football and played non league football for I think 12 years,
1207880	1213960	12, 13 years after that. OK. And what about the snooker skills? How did you develop? How did you
1213960	1219240	did you say you ended up as a sort of you were close to potentially being a professional snooker?
1219240	1222360	I was a lot closer to that. Yeah. And that was like that was what does that happen?
1223400	1229080	Well, so I mean, listen, another part of maybe I may have learned to read and write quicker and
1229080	1238600	I spent more time in school. So I mean, the snooker. Yes. 11 to 18, 19, probably. Yeah.
1238600	1245000	But seven hours a day. OK. And a lot of the professionals are on TV now played a lot of
1245000	1251080	them in prime. So I spent a lot of time in prostatin in Wales. So in Wales, they had this
1251080	1255960	the best juniors would meet for this tournament at Pontins in prostatin. I've been there actually.
1255960	1260280	Yeah. Not not to the snooker, but I went to like a sole weekend there, you know, in the,
1260840	1265960	you know, in the old days. And and so, yeah, you spent a lot of the best juniors, which a lot of
1265960	1272440	them are kind of doing really well as pros now. And yeah, I mean, I was good. The problem is,
1272440	1278200	is that if you can go to a table and you can make. So this is like we're talking 17 years ago.
1278200	1283240	So you go to a table and you can make 50 or 60. You know, that might seem all right. But the
1283240	1288520	problem is, is that you've got, you know, I was playing 11 year olds that you'd get 60 in front.
1288520	1293240	So they haven't got the ball yet. And then they dish up and clean up with with with an 87 break.
1293800	1299560	Yeah. And they're standing on boxes. Right. The table. Right. They're doing more than seven hours
1299560	1302680	a day. These kids presume God knows what's going on with them.
1302680	1306360	Yeah. Well, to be honest with you, Nick, and in some cases, they're not even doing seven hours.
1306360	1309960	They're doing like three. But I think there's a big difference between being naturally gifted
1309960	1315560	and having natural ability. And that was I was the latter. I had some natural ability
1315560	1320200	but to work really hard at it. And when you're playing kids that are like supreme, I remember
1320200	1330040	playing, you know, Judge Trump in a tournament as the kid and and got my ass handed to me. Yeah,
1330040	1335560	badly, badly. I mean, I imagine traveling all the way up to Wales from London. And then literally,
1335560	1341640	I think I broke off twice and got born ill. But it made like two or three centuries in a space of
1341640	1346680	like 20 minutes. It was just I remember sitting there thinking I'm not going to be good. And I
1347320	1352680	could either be a poor earning pro. Yeah. Or I need to really think about if this is what I
1352680	1358120	should be doing for a living. And at that point, I realized that that wasn't what I should be doing
1358120	1363240	for a living. Okay, well, I tell you what, though, it does strike me as interesting that you were
1363240	1370760	able to make some positive developments, though, in two different areas at this age. Because,
1371480	1377080	you know, there may be a lot of people who go through what you did, just don't have the
1377080	1382120	breakthroughs in any areas, maybe. So that's quite interesting. But anyway, back to this story,
1382120	1386760	your mom, I think is about to drag you out of the connections place or something.
1386760	1391880	Yeah, so she drags me out of this connections place. And it's kind of really funny, because,
1392600	1398200	you know, she kind of puts two hands on me. And she says, like, Look, you need to find a way to,
1398840	1402920	you know, we need to we need to do something here, we need to find a way to otherwise, you know,
1402920	1406280	your life is going to really ebb away from you. Because you know, these psychologists don't have
1406280	1410600	great predictions for you, Jason. So I'm kind of like, okay, right. So she found this course at
1410600	1417160	Merton College. And there I've become acquainted with a gentleman called Sandro Andres Andrie.
1417160	1422920	So from Cudetiba, Brazil. And he was he was brilliant. He was brilliant. Like he his first
1422920	1430840	question to me was like, you know, are you willing to work hard? So I was like, yes. He was like, I'm
1430840	1435880	gonna tell you something, I'm gonna tell you two things. So I said, Okay, he's like, I think you
1435880	1440920	could get to university in two years. So I burst out laughing because at the time, my mom was in
1440920	1445560	our final year of university. And I had a rough idea of what it was. But I couldn't even spell
1445560	1449560	university. So I was kind of thinking, well, you know, where are we going with this? And then he
1449560	1453720	said, like, I'm gonna, you know, I think we can take on the world and win. I'm gonna make you a
1453720	1459720	winner. I was thinking, wow, like, you know, I didn't know why he was saying this to me. And I
1459720	1463560	didn't know if this was something he said to everyone. But but yeah, I was completely taken
1463560	1468520	aback. And you know, he said, All I need you to do is you need to listen and try your best. And so
1468520	1473640	that's why I did. I did listen. And I tried my best. And it was amazing, because we saw kind of
1473640	1480360	these incremental improvements. Bit by bit by bit. But his whole thing was the same obsession that
1480360	1484600	you've channeled, particularly into snooker, you need to channel that same obsession because I
1484600	1488440	didn't really have the same session with I love football, I love sport, I love football. But it
1488440	1493160	came more naturally to me than snooker. The obsession was the reason why mom got me into
1493160	1499000	it is because there are some obsessive tendencies that might like as part of my autism that I have
1499000	1504760	that lend itself well to snooker. But the idea of repetition and repeating the same technique
1504760	1509960	over and over again. And my mom was in many respects quite innovative in that context.
1510920	1514680	Sanjay was like, we got to take all of these skills. And he said, you know, you've got a finite
1514680	1517800	amount of skills, Jason, you know, he said, I'm gonna be honest with you. And I'll tell you,
1517800	1521560	you've got a finite amount of strengths. But you know, rather than improve spending time wasting
1521560	1525720	any more time improving your weaknesses, let's make these strengths as amazing as we can.
1526200	1528440	Yeah, that is brilliant, man.
1528440	1532600	Yeah, because I mean, up until that point, my whole life, I'd been told, Jason, let's work on
1532600	1537080	your weaknesses. And like, you know, all I was doing was losing more and more confidence,
1537080	1543320	they weren't really improving. And that's basically what he did. And, you know, I don't know, he just,
1543960	1549480	he just really made me believe myself in a way that I not really experienced before. I don't know,
1549480	1554440	he kind of made me feel good about myself. And, you know, and that kind of carried on into adulthood.
1555160	1561240	Fantastic. And two questions about this gentleman. Well, first of all, are you still in contact with
1561240	1568440	him? Yeah, I am. Yeah. I mean, Sandra is my son's godfather. And I've known, yeah, we've been in,
1568440	1573000	I mean, we've been in contact, I mean, up until recently, might I add, but like,
1573000	1577480	we've probably been in contact every day from the age of 18 to 30, well, 35. Yeah.
1578200	1583000	That is fantastic. So you're in contact, which is great. And I just wonder how,
1583000	1588920	how does he feel about the journey that you've undertaken this guy must be must find it the most
1588920	1594200	beautiful thing. It's weird, because I guess he's always kind of, he's always kind of been the silent
1594200	1599560	observer. I mean, there's something there's a lot to be said for kind of, because people only ever
1599560	1603800	see the other end of the, the other side of the coin, right? They see the end of the race. So they
1603800	1608040	don't know what things happened from, from the start to the end. And they just see the end. So
1608040	1612200	they don't know what happened in between. And I think he often just sits there and thinks, you know,
1613480	1617720	I guess he thinks he's surreal, but in many respects, he could probably lay claim to be one
1617720	1623080	a few people that he didn't doubt. He, he thought that's how things could be. So it's not really a
1623080	1627560	surprise to him. His whole thing is like, you know, what can we do for other people? You know,
1627560	1633080	what can you do for other people, me specifically, you know, and can you maintain the same humility
1633080	1638520	and integrity you had when I met you at 18? And I think that's that, you know, it's not a challenge
1638520	1642600	for me, but it's something that, you know, I think it's easy to do when you don't have any success.
1642600	1647800	I think when you do start becoming successful, I think that's a really different thing altogether.
1647800	1652120	How wonderful. I'd be interested to meet him at some point, actually, you never know down the line.
1652120	1653240	Yeah, he's brilliant.
1653240	1659400	Yeah. So then you got your diploma, I'm assuming in sport, was it sports science, something like that?
1659400	1664920	Yeah, it was sport and exercise science. And it was the first educational thing that I'd achieved
1664920	1668760	that it was, it was an amazing feeling, because I never just never thought I'd be in that situation.
1668760	1671160	And no GCSEs, no A levels, obviously.
1671720	1677000	No, yeah. And then getting into kind of university was a bit of a, it was still a blur, even when I
1677000	1681160	say it was a blur, it was just a surprise. I remember kind of being in my first lecture, and
1682200	1687560	and it's like 300 people in this lecture room. And it was really, I mean, listen, I could just
1687560	1693800	about do anything. So we're talking 20 years old, with a reading age of about 10 or 11. And I
1693800	1699160	remember my first exam at university. And I remember saying this room for 300 people, the
1699160	1703560	lecturer says, you know, someone puts a hand up, as if everyone passed, everyone passed, they're
1703560	1708600	like, yeah, yeah, yeah, everyone's part, I mean, there is one person who hasn't passed. So everyone's
1708600	1713240	like, who didn't pass, who didn't pass? And like, I mean, well, I mean, to be honest, yeah,
1713240	1717960	that they just about spelled their name. So I'm sat there in my, I'm sat there and like, this kind
1717960	1722920	of person to person lecture, everyone kind of packed in like sardines. And I'm kind of like,
1722920	1727720	I definitely did more than spell my name. And so imagine 300 people going out of lecture,
1727720	1731800	there's only one entrance they can all go out of. So it's going to take some doing to kind of say,
1731800	1735560	you know, Nick, can you stop here for a minute, please? So anyway, the lecturers found me and
1735560	1739720	kind of said, Jason, can I just speak to you for a minute? So at this point, like, I'm really
1739720	1744360	apprehensive, because I'm thinking what's up, what's happened there? And she says, is there
1744360	1752040	any reason why you got like, nine percent on your exam? And I and I said, what I kind of stuttering,
1752040	1756360	I was like, I don't know, I don't know. And she was like, did you revise? Did you try? I was like,
1756520	1762680	that was my best effort. That was my absolute best effort. What was sorry, what percentage did you get?
1762680	1764360	Nine percent in this exam.
1764360	1771960	Nine. Okay, so she didn't know. So okay, so she was, I guess she didn't know your backstory.
1772760	1777160	She didn't know she didn't know any of it. So, so I kind of I guess in that situation,
1777160	1782680	I was forced to explain it, because at that point, you know, they were going to relieve me from the
1782680	1786840	course. They were kind of like, look, to be honest, you this is this is a really drastically low
1786840	1792120	score, desperately low. And it seems like you're a little bit out of your depth. So, you know,
1792120	1796760	you know, we can help you go back to college and maybe and it's kind of like, so at that point,
1796760	1800600	you know, I didn't want to say what the actual issue was, but then I had to explain it. Obviously,
1800600	1805320	legally, then the university had an obligation to helping me. They had to they had to help me again
1805320	1810360	with the Discrimination Act. So yeah, that I guess that's how that story ended. And then,
1810360	1814600	yeah, just before you move on, which university and what was the course?
1814600	1819480	That was great. So I went to St Mary's University College in Twickenham. Yeah. And I did physical
1819480	1825240	education and with education studies. Okay. That was and that was a great time in my life,
1825240	1831080	because I'd been to St Mary's as a 14 year old, right. And never in my wildest dreams did I ever
1831080	1836040	think six years later, I'd end up going there as a student. So there's kind of a symmetry with
1836040	1840280	certain things that kind of happened in my life. And that was, and that was one of them said I was
1840440	1846360	pretty cool moment to be able to go there and to want to have a great time, but to do really well
1846360	1853400	there. So this 9% score and the teacher going, well, you're out of your depth. How did you
1853400	1857640	manage to first of all, what kind of degree did you come away with in the end?
1858200	1865480	Yeah, so I actually, I mean, not I've got over it, really, 13 years later, but I finished with
1865720	1872920	finished on 69.9. So they did a round out to a first overall, which, which killed me.
1874920	1876440	You always got first.
1876440	1878040	I always got first. Yeah.
1878040	1878440	Wow.
1878440	1886360	But the module that killed me was a module called physical activity with older adults.
1886360	1887480	Okay.
1887480	1892680	And at the time I was going for a sabbatical position. So, so athletic union president.
1892680	1896680	And so I was really fixated on winning this election. I took my after ball with this
1896680	1901400	particular assessment and I got like, it was the lowest mark I'd got in a year and a half, got 58.
1902280	1905720	And I remember subsequently a couple of years later, I went back to work at St Mary's and I
1905720	1909800	told the, I told the friend of the, you know, the lecture, my lecture at the time, he became my
1909800	1915400	friend, the guy called Dean either. I said to him like, um, Dean, you know, this module cost me like
1915400	1920840	a first, you know, cause it was still, the module was still there. So I hate this module. This module
1920920	1925880	cost me a first like Jason, if you just said to me, I need one more percent, I would have given it
1925880	1931160	to you. So you told me that like, at that point, it was like seven years later. Oh my God. Like,
1931640	1938600	so yeah, that was quite funny. But, um, you know what, man, I think you did well to go from 9%
1938600	1944520	in your first test and then basically a first give a take a half percent or whatever was an
1944520	1950040	incredible achievement in its, in its own right. So, so what it seems to be the pattern here is
1950040	1957880	it was a, an achievement to kind of get the, the Merton college stuff that you were overachieving
1957880	1964680	there. Then you were possibly in some people's eyes overachieving getting into university.
1964680	1969880	And then probably some people might've said that you were overachieving compared to what they would
1969880	1975560	have predicted. Certainly the, the educational psychologists who had made predictions, let's say
1975560	1981880	seven years, 10 years before to potentially come out of uni with a first there or there abouts,
1981880	1987960	again, a sort of over achievement maybe compared to what some people would have thought. So are,
1987960	1995320	with this overachieving, are you now starting to believe that, hey, achieving more than other
1995320	2001800	people say that I will is entirely within my capability? And are you starting to believe that
2002520	2007480	not necessarily because the belief isn't for me to measure myself against anyone at that point,
2007480	2012120	because I just knew that I was, you know, one thing I've always been is a really good loser,
2012920	2017720	as my brothers all say. So I've always been very gracious in defeat and I try and be gracious when
2017720	2023960	I win. And I'd been so used to losing died. I had long given up the premise of comparing myself to
2023960	2030840	other people in fact, never really did it. So it was more about me trying my best. I wasn't so
2030840	2035000	obsessed with how far I got over the line. I just wanted to get to the line. That was the most
2035000	2038680	important thing. And if I could just get, you know, if I, yeah, if you can shoot through the line,
2038680	2044680	fantastic. But for me, even if I crawled over the line, it was that whole idea about trying my best,
2044680	2049160	you know, you got that fantastic speech in any given Sunday about Al Pacino, where he talks about
2049160	2053320	life being this game of rinses, you know, and he has been eat all around us. And for me,
2053320	2058680	it was always about how many inches could I, you know, put get in my favor? How, you know,
2058760	2064520	it was the things that, you know, I knew that I didn't have the same capabilities as a lot of
2064520	2069480	people. So I knew I could make up for that by being honest, you know, and working really hard.
2069480	2074440	And I thought, you know, it means pushing yourself to limits. So there are times where,
2074440	2078520	you know, something that might take a very short amount of time to do because of how my brain
2078520	2083000	works and some of that slow it can be, it take longer. So it means you've got to dig in more,
2083000	2088120	bite down on your gum shield a little bit more. And, you know, there's a lot of attributes I
2088120	2093800	didn't have. But the one thing I knew is I knew I was tough. And, and that goes a long way when
2093800	2101960	you're, when you have the the plaits of attributes that I had, then being tough helps a lot. At least
2101960	2106680	mentally being really mentally tough. So there wasn't anything that I, I could enjoy just about
2106680	2111960	everything. Because I knew that the outcome would always be that I would find a way. And there was
2111960	2117080	a there was a massive reassurance I'd taken took from that, that was really instilled in me.
2117880	2120680	By my mum, but more lately, Sandra.
2121480	2127000	So then you've got you've got your degree. So I'm guessing you maybe 20. Are you 21 years old?
2127000	2131800	At this point, 23 by this point, so I went to uni at 20 years at 23 by this point.
2132360	2137000	And so you come out with your degree. And what do you want to do with your life at that point?
2137880	2143880	That's really interesting. I mean, by that point, I'd already I mean, I had a really life changing
2143880	2147320	experience when I was 18, which was probably the most important thing that happened to me.
2147960	2155000	So when I was 18, my mum took me my brothers to a homeless shelter for Christmas. And I had upon
2155000	2158680	going to his homeless shelter, you know, my brother stayed for a couple of hours and I stayed,
2158680	2164840	I think the entire day. And I met this guy who sadly had lost his family in a road accident and
2164840	2171720	became destitute and was sectioned and ended up homeless. And he was a professor. And he said to
2171720	2177400	me to look at me, you wouldn't think I was anything important. And I hadn't made any judgments on him.
2177400	2181160	You know, but he said to me, you wouldn't think I was anything important. But you know, I used to
2181160	2186120	be a professor and I lost my family road accident. And you know, I had a breakdown. I started taking
2186120	2190200	drugs to deal with it. I didn't go to work. He explained all of these things to me. And
2190920	2195480	you know, he ended it by saying, you know, to look at a person, you just never know. So never make a
2195480	2200440	presumption that, you know, all homeless people are drop kicks. You just take drugs. There's always
2200440	2206120	a story behind this. Now, I hadn't presumed anything, but I think he really wanted to
2206120	2210440	illustrate and hammer home that point that, you know, not everything is how it seems.
2211000	2215640	And so at that point, I wanted, I became fixated with this idea of I wanted to dedicate my life to
2215640	2222280	helping people. So I wanted to raise a million pounds for charity before I turned 40. So that
2222280	2228200	became my big obsession. So when I got to 23, you know, by that point, I had a one and a half year
2228200	2235400	old daughter and I just became really fixated with this idea of doing work of charity. So I did my
2235400	2241000	EGC at that time, which is my teacher training qualification, went on to teach physical education
2241640	2247800	GCSE and A level at school and then a college. And then I did my first masters,
2248680	2257160	20, I was 24, 25 at the time. And did my second masters at 26. But then that coincided with the
2257160	2262200	kind of first big marathon event I've done. So for charity event I've done, so I've done several
2262200	2266920	little charity events, but I did this particular one, which is where I think a lot of the momentum
2266920	2275160	and notoriety came for doing charity work. So I ran 30 marathons in 35 days. So that was unbelievable,
2275160	2281960	man. Yeah, thanks for your kind of you. So that was in 11, it will be 11 years ago in July. I was
2282200	2287720	20, because I was 26 at the time, or 25 at the time. Yeah, that was an amazing experience,
2287720	2292120	because obviously, the caveat to that was that we had to do each one in under five hours.
2293080	2297320	And that's tough. So I mean, yeah, to do it. Yeah.
2298520	2302920	Did you say you ran 30 marathons in 35 days?
2302920	2303400	Yeah.
2303400	2304760	That's insane.
2304760	2309480	So and obviously, I mean, and I think maybe there was a weak difference between
2309480	2313800	Eddie's are doing it and myself doing it. But you can walk a marathon in about eight,
2314360	2316840	eight and a half, seven or half, eight hours.
2316840	2320040	Yeah, but I need to have a week off after that.
2320040	2323800	Yeah, so it was really funny, because I remember, you know, when we were kind of deciding what we
2323800	2327640	were going to do, you know, it's like, yeah, Betty's, I was just on this. And my friend was like,
2327640	2332200	yeah, but he's walked the marathons. Like, if you're gonna do this, Jason, you need to do something
2332200	2336520	that's distinctly different. So how about like, you're doing under four and a half or five hours
2336520	2340520	every day. And you know, we were working with a lot of my friends with physios at the time,
2340520	2344280	they're like that, like a lot of toll on the body. But to make it uniquely different,
2344280	2349240	we had to do something that separated it from that. Yeah. So yeah, we're fortunate enough to
2349240	2353400	do that. And then that kind of, you know, done that, we raised a lot of money from that,
2353400	2357720	which was fantastic. So it was for shooting stars chase at the time in shelter, because at home,
2357720	2359960	this was a huge, interesting for me.
2360520	2367720	Quick question. When you were hitting points, you know, they talk about hitting the wall,
2367720	2372760	or whatever. So you're running a marathon, I can't keep running it. But I presume that happened. And
2372760	2378040	then you would presumably push through it, I'm going to keep on keeping on. Where do you find
2378040	2388760	the depths of strength to keep yourself going? When either you start to think, No, I can't do
2388760	2394280	this. Now, that's either in the physical sense of like your marathon running, or in some of your
2394280	2399800	academic journey, where do you find the how do you manage to dig deep enough to keep on keeping on?
2400440	2406760	I don't know. I think, I mean, I love Rocky. So like, I just think it's a great metaphor for life.
2406760	2412440	And in Rocky for he says to his son, when you go one more round, when you think you can't,
2412440	2416920	sometimes that can make all the difference in your life. Now, I don't want to kind of trivialize it
2416920	2422440	to that. But I do think there's something to be said for pushing through something when you think
2422440	2430680	you can't do it. And for me, you know, I had a really perverse love of adversity and being in
2430680	2435240	difficult situations and really seeing how I responded to that. So well, this is interesting.
2435240	2440840	So you actually kind of got a buzz off putting yourself in those, those points where you knew you
2440840	2444760	were going to be challenged. Yeah, it massively aroused me like because I didn't really learn
2444760	2448600	anything about myself and things were going well, you know, the one thing I always was obsessive
2448600	2453720	about was this idea of temperament and what I was like when things didn't go my way, and how you
2453720	2457320	respond and how you react to that. And that's what I mean about being tough. I, you know, it was this
2457320	2462120	idea that I never saw it as a disadvantage to experience adversity. I always saw it as a
2462120	2467800	privilege because it all for me, it would always be the other end of you know, the other end of it
2467800	2470840	is you're not in that situation and you don't experience a tough situation. Sometimes,
2471320	2475800	adversity is a privilege. You know, you're in a situation where, you know, you've got a lot of
2475800	2481240	people relying on you, you know, you could raise astronomical amounts of money for charity. And
2481240	2486440	that money is going to change people's lives in quite a big way. Like it's a privilege to have
2486440	2492920	that responsibility. And so at that point, no matter how painful it was, I knew that that money
2492920	2498520	could, you know, potentially do a lot of damage in a good way, five to 10 years, whereas I knew
2498520	2503240	the damage, whereas I knew how I was feeling right now. Yes, it was painful when I was in
2503240	2511320	absolute agony. It was temporary, it wouldn't last. Whereas this particular feat, in terms of helping
2511320	2516760	people, not in terms of inverting the mirror on myself, or as an exercise in narcissism,
2517480	2522280	I just knew it would, it can make a big difference to people's lives. And so for me, it was more,
2522280	2526760	and the thing is, when you're running with yourself, that there is no hiding place in that situation,
2526760	2531480	you know, you can't, you know, yeah, there are times where you've got your oyster card in your sock,
2531480	2536840	and you're like, Joe, I just I can't do this. But you know, you recognize that at that point,
2536840	2539880	it started off really small, you know, the amount of people who had interest in it. And
2539880	2544280	before we knew it, it kind of grew to this national thing where a lot of people were interested in
2544280	2549720	the story, I was doing it, and more and more people are running with me and, you know, a PR
2549720	2555560	team got involved, and then it just went kind of crazy. And then I remember kind of, I was running
2555640	2562280	one day and I saw a paper, it was the Metro, and then it might have been the Telegraph,
2562280	2566520	the Telegraph and the Metro. And I saw someone had done an article on it. I was like, how did
2566520	2570360	they know about this? And no one had asked me anything. It was the PR company that got a hold
2570360	2575080	of it and got it to distribute. And I'd seen two papers within maybe about a mile and a half for
2575080	2580200	another, covering the story. And so I was running past people in like central London,
2580200	2609760	past the statue of Eros, which is where we finished in Bick
2609760	2618640	Hill. So that was a year after. And then there was Edinburgh to London in six days. So 600 miles,
2618640	2624640	700 miles, something in six days. And yeah, we reached the target when I was 30. And I guess
2624640	2629360	you reached a million pounds. Yeah, when I was 30. And
2630800	2635280	hold on a second, 10 years ahead of schedule. 10 years ahead of schedule. Yeah. So that was like
2635280	2640960	a really big thing because we raised a huge amount for the Edinburgh to London. And at the
2640960	2646880	moment, we're on 4.5. So it's been like an amazing journey. And I guess there's only,
2646880	2652080	my friends often joke like Jason doing a charity event is like paying rent, honestly, every other
2652080	2657680	month. So there's a lot of things that they've done to help that. And I got the opportunity to me,
2657680	2665840	Andy Murray in 2012. Yeah. And he, you know, he, you know, supported a lot of the charity events
2665840	2671760	that we did as well, in terms of kind of using social media platforms, and then you got some
2671760	2676720	coverage around it. So more businesses got involved in stuff. And, and yeah, and it kind of all
2676720	2682320	culminated with running with the Olympic torch in 2012. So that was like, that was like the most
2682400	2687440	surreal moment. Wow. Purely because like, yeah, how often do you have like,
2688080	2693360	a flame on the end of your hand that's like over 1000 years old. So that was never in my case,
2693360	2698720	Jason. And I don't think it's gonna happen. But, but you never know. But I think unlikely.
2700000	2704640	No, so that was yeah, that was so that was the kind of headline, I guess. And then kind of all,
2705680	2708560	I guess it all went through, I ended up doing a PhD.
2709040	2712400	Well, well, I'll tell you what, before we talk about the next stage, I just want to
2712400	2720320	scroll back a little bit. So we didn't really talk about your sort of surroundings too much
2720320	2729680	growing up. But correct me if I'm wrong that you might have been pulled into some criminal behavior
2729680	2734480	or whatever, perhaps, am I right with some of the people that might have been in and around you as
2734560	2738720	you were growing up, I read something about a conversation that you had with somebody who was
2739280	2744960	like a gang leader or something on those lines. Yeah, I mean, I was really fortunate. I had two
2744960	2749600	amazing parents who really kept me and my brothers away from all of that. But I grew up on a really
2749600	2756400	tough, self-unden cancerous fate. And there was a lot of gang related, drug related activity. And
2756400	2761440	it's, it's all important to say that, you know, a lot of these people, you know, were unbelievably
2761440	2767520	gifted, unbelievably gifted. And it just goes to show when you don't have, when there is an
2767520	2774240	absence of people to nurture your talent in the way that Sondro did with me, that can that can be
2774240	2782160	hugely impactful. Yeah. And so I remember I was 15, I might just before I turned 15 at a time, and
2782720	2787840	I was going down to my local snook club. And the there was a there was a drug dealer who was kind
2787840	2793840	of like, I don't want to use the word kingpin, but they were quite, you know, quite as far as
2793840	2799040	that kind of environment goes, let's just say they were very senior authority. And he actually
2799040	2803840	he turned around to me and he had this kind of convertible Mercedes, beautiful car, beautiful
2803840	2808240	car. And I remember, you know, he stopped me and I was kind of like, if anyone sees me, I'm going
2808240	2811440	to be in serious trouble because they say it takes a village to raise a child and I know
2812000	2816400	they're going to be telling my mum, my mum's like, why are you talking to that guy? And he turns
2816400	2820720	around and says, like, listen, you see this kind of fancy car I've got, you've seen this lifestyle
2820720	2825360	I have, you can do better than this, make sure you keep your head in your books and make sure you
2825360	2830160	keep your cue in your hand, which is exactly what he said. And literally, like maybe one or two
2830160	2836800	months later, he was dead, he was murdered. So that was quite a surreal experience, because,
2836800	2840720	you know, it wasn't a wake up call for me, because I think I had a, I had quite a good head on my
2840720	2846320	shoulders anyway, partly because mainly because of my mum. But it just reemphasized to me that
2847120	2851600	at that particular moment, if that individual could have made any, you know, if they could have
2851600	2857600	made different choices, I think they would have done. And obviously, the choices that they made
2858480	2863760	were a contributing factor in them losing their life, which is sad in itself, because it also
2863760	2869200	speaks to a society and a structure that sometimes doesn't give people any choice, it doesn't give
2869200	2874400	people the opportunity to become socially mobile. And, you know, particularly for a lot of black
2874400	2878960	and ethnic minority people, that kind of disadvantage is something they experience on
2879920	2884640	a continual everyday basis. And yes, there are white working class people who also experienced
2884640	2889120	that as well. But I think coming out of that situation is very, very difficult when there
2889120	2894240	are mechanisms in society to make, you know, particular groups of people from socially
2894240	2897600	deprived backgrounds, socially mobile, if that makes sense.
2898560	2910080	How, as a society, can we connect more Sandro type characters with people who've got
2910080	2920080	promise and talent, but don't have the experience of the belief that Sandro had in you and
2921040	2925440	they don't have the experience of somebody saying, you can do something really good,
2925440	2930880	you can be really successful? How can we replicate your story more in society, if at all?
2931440	2936720	I think it's difficult. I mean, you can't replace a Sandro, Andre Sandry. He is a one-off,
2936720	2941120	he is a one-off. But what I would say is it starts with the messages teachers, you know,
2941120	2945440	you spend more time at school than you do with your family. So you spend five years in school,
2945440	2950800	you spend eight hours a day in school, eight to 10 hours a day in school. And some of the messages
2950800	2957440	that teachers, you know, perpetually tell young people, I don't think they realize the impact that
2957440	2962000	can have on people. That's the only thing that becomes a dominant message because it's the person
2962000	2966800	you probably interact with the most. You know, most people go home in terms of young children,
2967440	2970880	may not see their parents because they're out at work when they do see their parents maybe for two
2970880	2976640	or three hours tops and then they're in bed, you know, spending eight to 10 hours with a teacher.
2976640	2983920	I think it's about the messages we tell young people and not imposing a deficit way of thinking
2983920	2988160	on these young people, you know, if they come from a socially deprived background,
2988720	2992800	that doesn't mean that's what their destiny will be. I think it's about teachers actually.
2992800	2997120	And, you know, having been a teacher, you know, there are some fantastic teachers who are so
2997120	3005840	aspirational and really encourage that aspirational drive and acumen in young people. But equally,
3005840	3010000	there are some teachers who say things that are just the most important things to say to a young
3010000	3014400	person, you know, you'll end up working in McDonald's. You know, first things first, like,
3014400	3019280	what would be wrong with working at McDonald's? You know, there's nothing, there's nothing wrong
3019280	3024720	with that. You'll end up, you know, collecting the bins for a living. It's the kind of language
3024720	3030320	teachers use. It's kind of language teachers use which can be like stifling, you know, demeaning.
3031120	3035120	And that is a narrative that kids can hold on to. So I think it's really important that, like,
3035920	3040640	when you're looking at someone, you may see how they are now, but you don't know where they'll
3040640	3047040	end up. And I think it's always important to treat people with dignity and respect and to really
3047040	3051680	encourage, you know, the ability for them to be able to change the fate of their stars, you know.
3052560	3057280	And I really do believe in that there's an expression that every person's a master of
3057280	3063360	their own faith. So I do think that. But that is only to the extent that it is encouraged by,
3064080	3074240	you know, supportive, nurturing people. So, okay, so you're 30, you've raised,
3074240	3078480	you hit your target, you've raised a million pounds for charity. And then is it back into
3078480	3085920	more academia then at that point? Yeah, at that point. So, I mean, when I was 30, I had my PhD
3085920	3092960	examination. So it was kind of a rock and roll, like, for want of a better term, 20s. So
3093840	3102640	Arnie was diagnosed with a brain tumor in January 2015. January 2015. And at the time,
3103280	3109440	Debbie, my ex-partner, she was pregnant, you know, it was a difficult situation. It was a job I had at
3109440	3114320	the time, I needed to keep my job by getting my PhD. And that was like a really, really kind of
3114320	3119440	telling thing. And I mean, that wasn't the pressure, depression income from that. I mean,
3119440	3124880	it was just really unfortunate, to be honest. But kind of long story short, I had my, I had a benign
3124880	3129520	brain tumor, my pituitary gland, and I had it removed three weeks before my PhD examination.
3130880	3137520	So this was August 2015. And I had this removed, yeah, three weeks before. So my examination was
3137520	3143920	on the 29th of August, 29th of September 2015. And I can remember a thing in this exam. And there
3144000	3149840	was a lot riding on this, you know, I'd already done my PhD in pretty quick time, it was two and
3149840	3154480	a half years. So the average amount of time it takes to do a PhD is like four to five years
3154480	3160400	part time. And I had done it basically two and a half years. I did it full time, I did it, it was,
3160400	3168160	I did it in, I was part time, but I didn't full time. Because, you know, I was paying for it myself.
3168160	3170800	So it was just costing a lot of money. So we need to get done as quick as possible.
3171520	3176320	And in this exam, I mean, to be quite honest, I'm failing miserably, Nick. I mean, failing
3176320	3181360	miserably, there's a point in this exam, we're 18 minutes, we're 60 minutes in. And you know,
3181360	3187360	Sandro sat outside, and I'm thinking if he was here seeing this kind of, to be honest, shitshow,
3188640	3194800	he would probably be thinking, you know, I don't mind you failing because, you know, you tried your
3194800	3198640	best and you couldn't do it. And you just couldn't, you know, you couldn't get there. But out of fear,
3198640	3203920	and I just I was paralyzed by fear. And I don't know what happened. It was like, I don't know,
3203920	3208960	almost like this out of body experience. And I don't know what happened, but the fear left,
3208960	3213680	and once the fear left, and I accepted that I could fail. And there was nothing wrong with that,
3213680	3219280	I tried my best. Again, it comes back to this whole idea of like, you know, enjoying adversity,
3219280	3224080	something kicked in. And I enjoyed the experience, I enjoyed the experience of being having my back
3224080	3229680	up against the wall and thinking like, how can I use my temperament? You know, how can I find a
3229680	3235840	way to navigate or get out of this kind of thorny terrain? How can I get out of this situation? And
3236960	3242720	that's where you rely on your temperament, and that toughness to find a way out of it. And luckily,
3242720	3247680	it's something that hadn't really let me down for that point, the best part of 12 years. And it was
3247680	3252480	something that I could draw on again, because I loved the idea of being in the thick of it, you know,
3253440	3259280	like being in a battle. And that's the thing, like, when you're in it, you know, what you need is
3259280	3264720	clarity and stillness of thought, you have to actually be quite cerebral. And, you know,
3264720	3270240	I was able to thank God, I don't know if I, you know, I'll never know how far I got over the line,
3270240	3274560	personally speaking, I think I just crept over the line, but it doesn't matter, I did just enough
3274560	3280560	to get over the line. And that's, and that is actually all that matters. So you got your PhD?
3280640	3287120	I did. Yeah, congratulations. That's at a certain point in that exam, you thought, no way,
3287120	3295920	not going to happen. No, I was, I was, you know, all I was thinking about is if I failed consequences
3295920	3300880	of failure, you know, I would hope and have no job. But I was second child, but I, you know,
3300880	3306320	Deb's was on maternity leave at the time, there was all these variables that I never thought about.
3307280	3312880	And rather than just thinking, embrace, let's embrace this, like, let's, you know, let's,
3312880	3318640	let's, let's, let's, let's embrace this whole experience, you know, it's difficult, but that's
3318640	3322960	what you love, Jason, that's, you know, that's kind of what, you know, that's, that's where you're at
3322960	3328000	your best when you're, when you're in a situation where, you know, I need that, that friction, that
3328000	3333440	friction of like, you know, it's impossible. That's what makes this adaptive. The impossible for me
3333520	3340480	is always deductive. Here's another question, then can we encourage people or educate people or
3340480	3348960	train people to better embrace those moments of adversity so that they can go, yeah, this is shit.
3348960	3355280	Yes, I'm really struggling, but I'm gonna embrace it and make the best out of it. Because that's
3355280	3361120	clearly you have a talent for doing that. How can, how can people listen into this podcast
3361760	3369360	kind of set them put their mind in a place where when things are really bad, they
3370160	3376720	lean in and get the best out of it rather than just run away and collapse and heat.
3376720	3380240	Yeah, I hear what you're saying. I mean, I think it comes down to perspective. I mean,
3380800	3389600	I wouldn't want to minimize anyone's experiences with adversity or difficulty. But for me personally,
3390240	3400560	I often have this conversation with my brother and my daughter. And I don't know if it's something
3400560	3407600	you can teach someone. I think I do genuinely think sometimes you're just born with that.
3407600	3414320	And it's a skill that you can exacerbate and it becomes more compounded by the experiences you have.
3415040	3419280	You know, because I think people deal with adversity in different ways. And I wouldn't want
3419280	3423520	to suggest that there's one way of dealing with it because it'd be in some ways, it'd be me kind of
3423520	3428320	gaslighting and neutralizing how people deal with adversity. You know, when I use the word tough,
3428320	3434400	by the way, I don't mean in this toxic masculine way. I mean, tough as in I was always really good
3434400	3438720	at digging in. I could dig in, you know, it was it was always about how much I could endure.
3440880	3446000	And I knew I could endure a lot. Yeah, I think you're right. I think it might not be possible
3446000	3452320	to teach people it. But maybe if they hear a story like this, you won't teach them. But it
3452320	3459520	might make people more aware of what might be possible. Yeah, I think a better spin to always
3459520	3464000	put on on these things is that it's an opportunity to learn and to learn about yourself and how you
3464000	3468880	respond to certain situations. And I think people don't look at it as an opportunity to learn a lot
3468880	3473120	of time. And by the way, rightly so. I totally understand that. I think sometimes I like why
3473200	3481600	this happened to me. You know, I heard a story I think yesterday of a gentleman who was diagnosed
3481600	3488000	with a rare form of bone cancer at the age of 23. And now he's doing he's kind of cycling like
3488000	3494800	1000 miles a day or something to raise 50,000 pounds for charity. And he's been told he's been
3494800	3501040	given a terminal diagnosis. Now he's not 30 yet. He's been given a terminal diagnosis. Now he,
3502000	3507200	you know, I would love to know how did he accept that? You know, how has he managed to take what
3507200	3512400	is that's that's worse than adversity, he's going to be facing, he's been told that he's going to
3512400	3517680	be facing impending death. And he's taken that with as much grace as one could. In fact, he's
3517680	3525040	decided that he's going to use the remaining time he may have left to help, you know, develop
3525840	3531600	research, or fund research in that area for people who have particular types of bone cancer.
3532240	3537760	I just think that that's brilliant. You know, it's that idea of it's how people respond to it,
3537760	3542800	you know, and there's not a hard and fast way to do it. But I think it's kind of looking at it as
3542800	3547760	an opportunity to learn about like, learn about yourself. And for me, I've always taken these
3547760	3555760	things as an opportunity to learn about myself. And the greater the adversity, the more I learned
3555760	3561200	about myself. And I appreciated it because it was a great lesson. It was always a great lesson for
3561200	3571200	me. Tell me about when you got your current gig. Was that smooth sailing? I wouldn't say it was
3571200	3579760	smooth sailing because I mean, I do you suffer a lot of disappointments. But I think it was that
3579760	3583520	whole idea of when things don't go your way, as my mom always said, take a good grace. And when
3583520	3587840	things do go, I'm always a good grace. So as I mentioned earlier, I was good at losing. So I knew
3587840	3593040	how to lose and lose really graciously. And before I actually got that big opportunity at Durham,
3593040	3602000	when I was 33, I had my brain, I had a second brain tumor, which at 32, which I kind of thought,
3602000	3609040	Oh, man, like, so they just need to get this clear. When you mentioned before about getting diagnosed
3609040	3615280	with a brain tumor, then what a period when you got the all clear on one, then you had a period and
3615280	3621040	then you then you got hold on, you might have another one. Is that right? Yeah, two years apart.
3621200	3626400	So that was that second one was tough. Because I thought, wow, I remember the doctor actually
3626400	3630880	saying to me the neurologist just saying, it was just said, you know, sometimes you get dealt a very
3630880	3637440	bad hand and you don't deserve that Jason, but you know, we'll do everything we can. And at that
3637440	3641360	point, I think I'd heard that. I think there was a period of five minutes where I went into the
3641360	3647760	toilet. You know, I cried because I was really disappointed for obvious reasons. And after that
3647760	3652400	five minutes, I'd accepted it. I'd accepted that this was how it was supposed to be. And we'll find
3652400	3657520	a way out of it. And I, you know, I didn't I didn't actually tell anyone, the only person who knew was
3658320	3664480	my GP. And I've never found a way out of it. And obviously, you know, you're applying for jobs,
3664480	3668240	you know, because I really wanted to know I thought the thing that would cut this story off is,
3668240	3673840	you know, you know, in my head, you know, 12 years after learning to read and write, you get a PhD.
3673840	3678880	And I didn't go to an elite institutional Russell Group institution, which is like kind of 26 of the
3678880	3683680	most elite universities, research intensive universities in the UK. But how cool would it be
3683680	3688880	to find up at one, you know, the PE teacher that ended up being a sociologist? And so because it's
3688880	3693120	the idea of the impossible. That's what's, you know, the impossible is what's, as I said, it's
3693120	3698160	seductive to me. So you apply for these jobs. And, you know, obviously, the higher the stakes, the
3698240	3705120	bigger the rate of rejection. Yeah. Which is tough to take. But it's all a learning experience. And
3705120	3708880	each time I was getting closer and closer and closer. And I remember thinking, like, my
3708880	3716320	opportunity will come. And when I got this gig at Durham, so this would have been April 2019.
3718640	3724640	I just I just I just knew on that day, like, like, there's a really cool,
3725600	3729600	my mom's favorite band is Queen. So as you can imagine, as a kid, I listened to Queen a hell of a
3729600	3735440	lot. And in the song, it's a kind of magic. And there's a line like no mortal man can win this
3735440	3741040	day. And I just knew that, you know, on that particular day, I wasn't more. I knew that I was
3741040	3745760	going to be I was going to do something special. And I knew that for whatever reason, the powers I
3745760	3750320	had on that day were going to get me over the line. You know, I just felt it. And I remember
3750320	3755440	thinking I remember saying out loud to myself, if someone gets this job over me today, they will
3755440	3760160	thoroughly deserve it because I genuinely couldn't have done any any better or any more. Yeah. Yeah.
3760160	3766400	And then I mean, it was the the interview went over the third and the fourth of April. So I
3766400	3770480	remember having this research presentation on the third, then the actual interview on the fourth. And
3772240	3775680	yeah, I remember being on train back home thinking I couldn't from Durham think I couldn't have done
3775680	3781600	any better. And then the day after I was on my way back from Coventry, got a phone call and got
3781600	3788160	told that, you know, I'd got the gig and it was the biggest sense of relief. There wasn't I wasn't
3788160	3793520	elated. It was a sense of relief. I'd all the potential and all the effort that Sandra had said
3793520	3800240	I'd had. It felt like in that one moment, I'd finally realized it, you know, and there were
3800240	3806640	lots of things I'd done, but that particular thing was so, so impossible. So like, no, none
3806640	3812720	of us could have predicted it. But like, you know, it was so unlikely that the sense of relief was
3812720	3817440	like, it was huge. I'd realized the potential that, you know, Sandra said I'd had all these years. And
3817440	3821280	also a lot of people that time you were beginning to say to me, you know, Jason, you're being
3821280	3826000	adopted as the next big thing in terms of race and higher education and race and education, you know,
3826000	3829200	you need to learn one of these gigs needs to do this, you need to do this. And it's kind of like,
3829200	3834160	listen, it's not something I'm not trying. Yeah, I'm doing my absolute best here. You know, I can't
3834160	3838400	I'm going up against people that are, you know, in some cases better than me. In some cases,
3838400	3844880	your face doesn't fit, you know, in terms of being a black person. But I was always confident
3844880	3849840	that my opportunity would come. And, you know, I just thought on that particular occasion,
3850720	3857680	I remember thinking like, right, rebel double top me, I think I think the checkout is there. And
3857680	3862400	on that particular day, it was and it was just amazing. It was an amazing feeling to realize
3862960	3868160	that potential in some ways, to kind of know that, you know, financially, I knew that I'd
3868160	3872480	been a position where I could look after my parents, I could look after my friends, I just
3872480	3877440	knew there were certain things by having that job that I wasn't going to have to worry about anymore.
3877440	3884800	And and so it turned out. Well, it's a it's an incredible story, something we've not touched on
3885360	3892720	yet is your faith. What role does does your faith have in your journey?
3893520	3897600	Yeah, I was gonna say, I mean, it's really funny, Nick. I mean, I've got a tempestuous relationship
3897600	3903520	with God, to say the least. So, you know, and I remember being told the story of Moses when I was
3903520	3908000	a child. And to this day, I still don't understand how to make it to promised land. He was he was he
3908000	3915360	was challenged beyond beyond anything. And, you know, I still don't you know, any question God
3915360	3919760	wants wasn't allowed into the promised land. And I always thought the injustice of that was ridiculous.
3919760	3924080	And so a lot of time you kind of think, you know, my mom always says that God only gives you what you
3924080	3928880	can manage and we can handle. But I think my relationship with my faith is quite a simple one.
3929440	3933520	And the reason why I say that is because there are lots of crazy things that happen,
3934240	3938960	one of which, you know, I wouldn't say I miss particular podcasts, but there are some really
3938960	3945200	crazy things. And, you know, there's a footprints kind of prayer that my mom always kind of used to
3945200	3951680	read to me, my brothers, and, and still says to me as an adult now, and is this idea that, you know,
3954960	3959440	if you are walking alone, the things that you have experienced, you wouldn't have been able to get
3959440	3965120	through if I wasn't here with you. And for all of the things that have happened in my in my life,
3965120	3972560	personally, it was so unlikely that there is no way I could have done it on my own. And then for
3972560	3978160	that reason, if there are a million reasons I could I could I could use and a million testimonies I
3978160	3983440	could use, but for that one reason alone, I do believe there's someone watching over me. And that
3983440	3989040	is been omnipresent and presided and everything that I've done. And I do believe that to be to
3989040	3994000	be God and I think people can extract faith in many different ways, you know, and there isn't
3994000	4001280	one way to observe or to engage with faith. But for me, you know, my belief in God really
4001280	4007040	stems from the fact that there are many things that have happened to me. And I don't think I
4007040	4011360	would be here if it wasn't for the fact that there's someone looking over me, you know, I
4011360	4017120	think that's I think there's too much evidence for me to suggest otherwise either that or I've been
4017120	4021040	ridiculously lucky, which I think I've been probably quite lucky. But I also think there's
4021040	4025840	been someone looking over me who has, you know, a greater plan for me, and I wouldn't want to
4025840	4031120	ram faith down anyone. But I think we all have things that we believe in, you know, I was watching
4031120	4036080	a documentary on Diego Maradona the other day, and in Argentina is a church of Diego Maradona.
4037040	4042720	And I found it amazing, you know, they believe Maradona to be their God. And, you know, and I
4042800	4049280	was like, that's great. That's brilliant. And I think it comes back to the same thing. I think
4049280	4054880	faith can be embodied in many different forms. I don't think there's any right or wrong way to
4054880	4062320	observe faith. And I think sometimes we can get drawn into this, these kind of arguments about how
4062320	4069120	people should observe faith and whatever. But I think it's been able to draw on faith, you know,
4069120	4075200	as and when they need. Yeah. And for people who draw on it consistently, I think there's no
4075200	4080160	wrong or right way. And I think it's important that we all learn to recognise that because
4080160	4084000	sometimes I think we can be quite judgmental in terms of how people engage with their faith and
4084560	4089360	what people deem to be something that they place their faith in. And I think that judgment isn't
4089360	4095440	necessary. I don't think it's necessary. Were you taught to be religious by your parents? Did they
4095440	4103040	say this is the way it is? God is up there. You're down here. Yeah. Was it something that you were
4103040	4110560	taught from an early age and you didn't question? I would say my parents are deeply religious. I
4110560	4116560	mean, as religious as you could be. And I was brought up definitely with the Christian faith.
4117680	4121840	But my mum, to be fair, did teach me to question things because she said that's the only way you'll
4121840	4129360	learn. And so I don't know if that extended to faith. But she often told me about, you know,
4129360	4135360	you can have, you know, faith can waver and there's nothing wrong with that, you know.
4136160	4141920	And actually, it's about how you come back to that faith and people do it in different ways. So,
4141920	4146640	you know, my mum taught me to kind of question things and to be able to ask God certain questions,
4146640	4153040	you know, and to be mindful that the answers may not reveal themselves in a deep voice talking to
4153040	4160480	you in your sleep, but to be through, you know, actions or circumstances or things that happen
4160480	4165520	where you kind of think how has that happened? And, you know, that may be the opening for some sort
4165520	4169520	of divine intervention or some sort of divine intervention may have taken place. You need to
4169520	4176960	realize something that may have seemed insurmountable. So I think, you know, that was important.
4176960	4181600	You know, my mum never rammed it down my throat. You know, I went to church as a child, but as I got
4181600	4187200	into my adolescence, you know, it wasn't something that was kind of rammed down my throat, but it was
4187200	4195200	used as an anchor to guide me in terms of having some sort of moral compass. Got it. Got it.
4196160	4203600	Wow. I mean, you've had an incredible life. You've managed to achieve some incredible things.
4203600	4209600	What would you like to achieve in the time that you've got left?
4211600	4217360	My dream would be to have my own charity, so specifically for carers. So,
4219120	4223440	I think, you know, I don't want to make this a political broadcast, but like there are,
4224400	4230320	I think the politics we have in this country has let a lot of people down in society, in many
4230320	4237040	sections of society, one of them, one particular group being carers. I think carers engage in a
4237040	4244480	very selfless act of self-dedication to another human being. And in doing so, they miss a lot of
4244480	4249520	opportunities that are available to them to become socially mobile, advance their life,
4249520	4256560	increase their life chances in terms of gainful employment, etc., etc. So, for me, my charity,
4256560	4264480	if it should happen, which I hope it does, would really be focused on providing carers with
4264480	4272080	opportunities to reintegrate in society because there is a loneliness and an isolatory aspect
4272960	4277520	to being a carer for someone and find ways to give them opportunities to reintegrate within
4277520	4282480	society through education, whether that be getting, you know, this particular charity
4282480	4290720	would give funding for people, you know, access courses, university courses, and really subsidise
4290720	4295600	a lot of their learning. So, that would kind of be the essence of my charity and then find ways to
4297440	4302480	provide opportunities for them to gain employment, whether that might be through apprenticeships,
4302480	4308160	degrees, trades, and that would be my dream really because I think carers,
4309520	4315760	I think the sacrifice they make and the years they lose, I don't think people recognise the
4315760	4320480	significance of that. And having worked in care homes and known a lot of people that have been
4320480	4325440	carers to people and taught students that have been carers to people, that's something that
4325440	4331200	hits your conscience hard because my mum took 15 years out of work to look after me, you know,
4331200	4336320	from 25 to 40. And I think if you take the best 15 years out of someone's life at that particular
4336320	4341360	age, I do think it's consequential on the life they end up having, as opposed to the life they
4341360	4346800	could have had had they not been in that position in the first place. Well, however difficult it may
4346800	4353920	be to achieve what you want to achieve, I find it hard to believe that you won't achieve what you
4353920	4360800	want to achieve, Jason, to be honest, and I'm going to be fascinated to follow your journey.
4361360	4366560	And I also think that... Do you think that you might become a bit more public-facing
4367280	4373200	in years to come? It's really funny because obviously I never... I mean, I hate socials,
4373200	4381360	I'm not on socials. Can I just say I had to track you down by emailing the press office of Durham
4381360	4387920	University because the way I became aware of you was I heard you talking on Radio 4 and I thought,
4387920	4392800	oh, this guy's got an interesting story. And what was the first thing I did? Look for you on the
4392800	4398960	socials. I'm like, what? I couldn't find you. I'm like, how am I going to track this guy down? And
4398960	4406000	I had to put a bit of work into it and then I figured, yeah, and then I found you. So, yeah,
4406000	4409440	so that... Well, that's interesting. Yeah, you don't have the socials presence, do you?
4409760	4413600	And it's really funny because I guess for most people nowadays, they make their name
4413600	4421600	through that, but none of this has been by design. I really just tried my best at anything that I did.
4422240	4427200	And obviously the research and the charity stuff is the stuff that I'm known for.
4427920	4432560	But by default, I've ended up in that public-facing situation, but I guess more and more,
4432560	4436160	I'll be asked to... Over the last two or three years, I've been asked to do a lot of stuff
4437680	4447920	and do pieces for BBC, Sky, CNN, stuff like that. So, yeah, I mean, that's never the design. I think
4447920	4454080	that the mantra is always to try and... Whatever platform you have, try and influence people in a
4454080	4462160	positive way, remain humble and learn from the best and learn how not to be, learn how to be
4462160	4470400	and always try and remember how different things could be. In 2013, I was cleaning toilets
4470400	4476480	as a weekend job at Tukunim Stadium. So anytime I'm sat here doing things as amazing as this and
4476480	4482160	being in such amazing company with yourself and Mike, all I'm thinking is, it's just madness.
4484080	4488880	Not that long ago, I was cleaning toilets at Tukunim Stadium. And that's what stays in my mind.
4488880	4494080	So as long as that stays in my mind, I think I'm all right. Because yeah, it'd be nice. I think being
4494080	4499120	in public facing is a useless thing when you can't influence people in a positive way. And if I can
4500000	4505280	influence people in a positive way, and it happens organically, that's great. But what I wouldn't be
4505280	4510320	doing is forcing the issue for that to happen. Because there's a game you can play to be more
4510320	4516080	public facing. And I think, for me, that's not the reason why I ever did it. So if it organically
4516080	4522720	happens, great. But it won't be something that I'll be deliberately choreographing to happen.
4522720	4528320	Okay. Well, I get that. Well, I've got to say, thank you so much for choosing to do this,
4528320	4535120	considering that you're not of a mindset to do tons of public facing stuff. But I hope you do
4535120	4540000	do more public facing stuff in years to come. Because I think there's a lot of people who can
4540000	4549760	be inspired by your story, who can learn from it. And it can help people. So I hope you do become
4549760	4556080	a little bit more public facing, possibly in years to come. I've got one final question for you.
4556640	4542940	The height of your ambition at Attag
4560960	4569280	was to be able to spell your name was something that you said when I listened to you on Radio 4.
4569280	4573520	What advice would you give right now to your 18 year old self?
4574320	4580640	I don't know. I guess it'd be something around the lines of keep dreaming big. And I mean, look,
4580640	4584160	there's a consequence of dreaming big. I mean, there's many things it's cost me to be quite
4584160	4589680	honest. Because I think the people around me might not say I'm particularly easy for them to live
4589680	4594000	with. Not because I'm difficult, but because if I get an idea, it's like, I'm going to go with it.
4594000	4598240	But there's not a selfishness in me doing it. But there is a bloody mindedness in me doing it,
4598320	4603840	which can I guess make me difficult to be around. But yeah, it would be like,
4605600	4611200	it would be believing myself because I think self belief, you know, it's quite rocky again,
4611200	4614400	like you said, you know, he's on the beach with Adrian and he says like, you know, nothing is
4614400	4619920	real if you don't believe in who you are. And I think all that all those years I wasted just not
4619920	4626000	really believing in myself. You know, I think I could have done so much more. Even if I'd believed
4626080	4631200	in myself in two or three years before I actually did, I think that could have made a massive
4631200	4638160	difference. So I think the thing I would say to myself is to believe in myself. And and I think
4638160	4642960	the hardest thing I think when you become successful is to remain humble. And I think
4643680	4650560	that I haven't changed as a person. And because like, of the people I've had around me,
4650560	4655200	but more importantly, because you know, I have reference points, you know, that remind me that
4656080	4661360	17 years ago, things could have been so so very different, you know, so when you know that,
4661920	4668400	that's important. And I guess I, you know, I couldn't I don't want to sit and pretend like I
4668400	4672640	could have predicted all of this when I was 18. Because to be honest to you, I did want to get a
4672640	4677360	job. And I thought if I got a job in a supermarket working one day a week, and I did live in a house
4677360	4683520	with other adults that may have had particular types of special educational difficulties or needs,
4683520	4687280	that would be that'd be great. I'd still be integrating with other adults, you know,
4687280	4691360	because I thought I'd live at home for the rest of my life. So really, everything's a bonus. And I
4691360	4696720	always say if all ended tomorrow, I've had a great run. So I'm, you know, I really have,
4696720	4700320	but I've overachieved. The great thing with overachieving is that you can kind of enjoy
4700320	4708720	everything that happens as a bonus. Amazing. Jason, it's been absolutely wonderful to speak to you
4708720	4713040	today. Thank you so much for for giving me your time, man. No, Nick, honestly, it's been a blast.
4713040	4716320	And thank you so much for having me and continue the great work. It's a privilege to be with you.
4716320	4720400	So thank you. Thanks, man. That's brilliant. I hope to speak to you again before too long, Jason.
4720400	4724560	No, that's great. All the best, man, with the rest of the journey. Thank you.
